,track_popularity,danceability,energy,key,loudness,mode,speechiness,acousticness,instrumentalness,liveness,valence,tempo,duration_ms
count,32833.0,32833.0,32833.0,32833.0,32833.0,32833.0,32833.0,32833.0,32833.0,32833.0,32833.0,32833.0,32833.0
mean,42.477080985593766,0.6548495202996985,0.6986192707032558,5.374470806810222,-6.719499131970883,0.5657113270185484,0.10706806871135749,0.1753337150793409,0.08474716133310999,0.19017619529132274,0.5105609737154692,120.88113154448268,225799.811622453
std,24.984074486186937,0.14508532044765135,0.18091003391959107,3.6116574096033762,2.988436386332407,0.49567076220663064,0.101314131511281,0.21963254030407936,0.22423012401751719,0.1543172792439105,0.2331459743695146,26.903624171880182,59834.00618163881
min,0.0,0.0,0.000175,0.0,-46.448,0.0,0.0,0.0,0.0,0.0,0.0,0.0,4000.0
25%,24.0,0.563,0.581,2.0,-8.171,0.0,0.041,0.0151,0.0,0.0927,0.331,99.96,187819.0
50%,45.0,0.672,0.721,6.0,-6.166,1.0,0.0625,0.0804,1.61e-05,0.127,0.512,121.984,216000.0
75%,62.0,0.761,0.84,9.0,-4.645,1.0,0.132,0.255,0.00483,0.248,0.693,133.918,253585.0
max,100.0,0.983,1.0,11.0,1.275,1.0,0.918,0.994,0.994,0.996,0.991,239.44,517810.0
